{
   "delay": -0.039999961853027344, 
   "rotation": {
      "i": 0.0864304541729439, 
      "j": 0.20731338486784692, 
      "k": -0.373346827980431, 
      "w": 0.9000905971528895
   }, 
   "translation": {
      "x": 0.03942935066885536, 
      "y": -0.05992067207194961, 
      "z": -0.7645993359299124
   }
}