{
   "delay": -0.04999995231628418, 
   "rotation": {
      "i": -0.20104385892155674, 
      "j": 0.0869499430040519, 
      "k": 0.9057165105007269, 
      "w": 0.36290312317188445
   }, 
   "translation": {
      "x": -0.512860899232433, 
      "y": 0.1216841992712987, 
      "z": -31.67016107643528
   }
}